developer_id,developer_name
1,Nintendo
2,Unknown
3,Good Science Studio
4,Rockstar North
5,Polyphony Digital
6,"Infinity Ward, Sledgehammer Games"
7,Treyarch
8,Infinity Ward
9,DMA Design
10,Game Arts
11,"Retro Studios, Entertainment Analysis & Development Division"
12,"Bungie Software, Bungie"
13,Ubisoft
14,Bungie
15,SquareSoft
16,343 Industries
17,Hudson Soft
18,Bethesda Game Studios
19,EA Sports
20,Bungie Software
21,Nd Cube
22,Hudson
23,Electronic Arts
24,The Sims Studio
25,Game Freak
26,Rockstar Leeds
27,Sledgehammer Games
28,"EA Sports, EA Vancouver"
29,Nintendo EAD Tokyo
30,EA DICE
31,EA Black Box
32,Ubisoft Paris
33,Namco
34,Naughty Dog
35,HAL Labs
36,EA Canada
37,EA LA
38,Epic Games
39,"Pipeworks Software, Inc."
40,Rockstar San Diego
41,Retro Studios
42,Blizzard Entertainment
43,Reflections Interactive
44,Rare Ltd.
45,KCEJ
46,Kojima Productions
47,Square Enix
48,"SCE/WWS, Media Molecule"
49,Capcom
50,Level 5
51,Traveller's Tales
52,Taito Corporation
53,Ubisoft Montreal
54,Turn 10
55,Rocksteady Studios
56,Intelligent Systems
57,Core Design Ltd.
58,EA Tiburon
59,Harmonix Music Systems
60,Lionhead Studios
61,Neversoft Entertainment
62,"Neversoft Entertainment, BudCat"
63,"Naughty Dog, SCE/WWS"
64,SCE Santa Monica
65,TT Fusion
66,Stormfront Studios
67,Bluepoint Games
68,Vicarious Visions
69,Next Level Games
70,Konami
71,Bethesda Softworks
72,"Ubisoft Paris, Ubisoft Montpellier"
73,High Moon Studios
74,Insomniac Games
75,Mass Media
76,Ready at Dawn
77,"SCEE, Zoe Mode"
78,Valve Software
79,Obsidian Entertainment
80,Cat Daddy Games
81,Digital Eclipse
82,CD Projekt Red Studio
83,"Ubisoft, Ubisoft Montreal"
84,Visual Concepts
85,Evolution Studios
86,KCET
87,"SCEA, Zindagi Games"
88,"Nintendo, Namco Bandai Games"
89,Massive Entertainment
90,Maxis
91,Argonaut Games
92,TOSE
93,Zipper Interactive
94,Pandemic Studios
95,Fox Interactive
96,Office Create
97,Team Soho
98,EA Redwood Shores
99,Certain Affinity
100,Agenda
101,Gearbox Software
102,"Kojima Productions, Moby Dick Studio"
103,Media Molecule
104,Eurocom Entertainment Software
105,Ubisoft Quebec
106,Double Helix Games
107,Rockstar Toronto
108,EA Games
109,"Splash Damage, The Coalition"
110,"Luxoflux, Inc."
111,Shiny Entertainment
112,Team Bondi
113,1st Playable Productions
114,"Dimps Corporation, Sonic Team"
115,Indies Zero
116,4J Studios
117,BioWare
118,Dimps Corporation
119,Quantic Dream
120,Volition Inc.
121,Guerrilla
122,Junction Point
123,"Spike, Namco Bandai Games"
124,"LucasArts, BioWare"
125,Monolith Productions
126,Sonic Team
127,Io Interactive
128,Respawn Entertainment
129,Sucker Punch
130,Sumo Digital
131,Clap Hanz
132,OfficeCreate
133,Spark Unlimited
134,NetherRealm Studios
135,"Irrational Games, 2K Marin"
136,"Majesco Games, Majesco"
137,"EA DICE, Danger Close"
138,Virtual Toys
139,NuFX
140,Criterion Games
141,Toys for Bob
142,"Warner Bros. Interactive Entertainment, NetherRealm Studios"
143,Edge of Reality
144,LucasArts
145,Artoon
146,Namco Bandai Games
147,Dreamworks Interactive
148,Big Blue Box
149,DC Studios
150,Ubisoft Shanghai
151,Slightly Mad Studios
152,Team Fusion
153,Angel Studios
154,Ensemble Studios
155,"Dice, Danger Close"
156,syn Sophia
157,Yuke's
158,Genius Sonority Inc.
159,Acclaim Studios Cheltenham
160,Headstrong Games
161,CAProduction
162,Raven Software
163,Midway
164,From Software
165,Black Rock Studio
166,Cyan Worlds
167,THQ
168,Rainbow Studios
169,Black Box
170,Bullfrog Productions
171,Konami Computer Entertainment Hawaii
172,Techland
173,Heavy Iron Studios
174,Frontier Developments
175,GREZZO
176,"Rare Ltd., BigPark"
177,ArenaNet
178,WB Games Montreal
179,"HAL Labs, Creatures Inc."
180,Backbone Entertainment
181,Sega
182,Exakt
183,TT Games
184,2K Marin
185,5TH Cell
186,Beenox
187,Amaze Entertainment
188,Bizarre Creations
189,Omega Force
190,Visceral Games
191,Blue Planet Software
192,Matrix Software
193,Full Fat
194,Helixe
195,EA Vancouver
196,Ubisoft Montpellier
197,ChunSoft
198,Midway Studios - San Diego
199,Acquire
200,h.a.n.d. Inc.
201,Ghost Games
202,Check Six Games
203,"PLAYGROUND, Playground Games"
204,Aki Corp.
205,"Flagship, HAL Labs"
206,Jellyvision
207,Art
208,Irrational Games
209,"Nintendo, Nd Cube"
210,NanaOn-Sha
211,Factor 5
212,Papaya Studios
213,SCEI
214,Krome Studios
215,Avalanche Studios
216,Jupiter Corporation
217,Rockstar Studios
218,Altron
219,Creative Assembly
220,Sega AM2
221,Hangar 13
222,BudCat
223,Tango Gameworks
224,SCEE London Studio
225,Genuine Games
226,Team Ninja
227,Camelot Software Planning
228,Red Storm Entertainment
229,VIS Entertainment
230,Realtime Worlds
231,Monolith Soft
232,Terminal Reality
233,"Ready at Dawn, SCE Santa Monica"
234,SCE Japan Studio
235,ArtePiazza
236,"Ubisoft Reflections, Ivory Tower"
237,Tri-Ace
238,Arkane Studios
239,3d6 Games
240,Magic Pockets
241,Artefacts Studio
242,Hello Games
243,Activision
244,Griptonite Games
245,Webfoot Technologies
246,Farsight Studios
247,Firaxis Games
248,Bandai Namco Games
249,Rebellion
250,Shaba Games
251,Artificial Mind and Movement
252,Paradigm Entertainment
253,EA Chicago
254,SuperMassive Games
255,HB Studios Multimedia
256,EA Sports Big
257,Spike
258,Ninja Theory
259,EA Montreal
260,id Software
261,Avalanche Software
262,Capcom Vancouver
263,Pivotal Games
264,MachineGames
265,2K Czech
266,Mind Candy
267,"Naughty Dog, Sony Bend"
268,Cavia Inc.
269,The Code Monkeys
270,Amusement Vision
271,"Genius Sonority Inc., Disney Interactive Studios"
272,Sports Interactive
273,Genki
274,Blue Castle Games
275,Barking Lizards
276,Zoe Mode
277,Kush Games
278,Nihilistic
279,WayForward
280,Kaos Studios
281,Hellbent Games
282,Blitz Games
283,BigPark
284,Planet Moon Studios
285,"Blue Byte, Related Designs"
286,EA Bright Light
287,"Digital Extremes, 2K Marin"
288,Sand Grain Studios
289,Flagship
290,PlatinumGames
291,Danger Close
292,Barnstorm Games
293,Incognito Inc.
294,Exient Entertainment
295,Codemasters
296,Playground Games
297,Arzest
298,Crytek
299,Crystal Dynamics
300,"Sega, Sonic Team"
301,"Z-Axis, Ltd."
302,Now Production
303,Eidos Montreal
304,"Square Enix, Think and Feel"
305,The Coalition
306,Pitbull Syndicate
307,Codemasters Birmingham
308,Rockstar Vienna
309,Remedy Entertainment
310,Steel Monkeys
311,Acclaim
312,Radical Entertainment
313,Good-Feel
314,SCEA
315,"Namco Bandai Games America, Namco Bandai Games"
316,Creatures Inc.
317,Pocket Studios
318,M2
319,Melbourne House
320,Ubisoft Sofia
321,ZeniMax Media
322,Snowblind Studios
323,"Lexis Numerique, Virtual Toys"
324,"Opus, Project Sora"
325,"Nintendo, Spike Chunsoft"
326,CyberConnect2
327,3G Studios
328,Tamsoft
329,"THQ, Yuke's"
330,Virtuos
331,Nixxes Software
332,Slant Six
333,"Tarsier Studios, Double Eleven"
334,"Spike Chunsoft Co. Ltd., Spike Chunsoft"
335,Chris Sawyer
336,49Games
337,Oddworld Inhabitants
338,High Voltage Software
339,neo Software
340,Savage Entertainment
341,Nex Entertainment
342,Surreal Software
343,Climax Group
344,Locomotive Games
345,"Nintendo, Nintendo Software Technology"
346,"Omega Force, Tecmo Koei Games"
347,Light Weight
348,City Interactive
349,Vingt-et-un Systems
350,K2 LLC
351,Ambrella
352,Day 1 Studios
353,"Level 5, Brownie Brown"
354,United Front Games
355,Ryu ga Gotoku Studios
356,Atlus
357,Ruffian Games
358,Mercury Steam
359,MTO
360,"EA Redwood Shores, EA Salt Lake"
361,Sony Online Entertainment
362,Big Sky Software
363,Visual Impact
364,Ubisoft Shanghai/Paris
365,PopCap
366,"Electronic Arts, Rebellion"
367,SCEE
368,Page 44 Studios
369,FreeStyleGames
370,"Mad Doc Software, Rockstar Vancouver"
371,Blizzard North
372,Arika
373,Barnhouse Effect
374,Vigil Games
375,n-Space
376,Black Lantern Studios
377,Microsoft Game Studios
378,Sega AM3
379,Tecmo
380,8ing/Raizing
381,"Electronic Arts, EA Redwood Shores"
382,Splash Damage
383,Studio Liverpool
384,"Red Storm Entertainment, Ubisoft Paris"
385,"Tantalus Interactive, Tantatus, Nintendo"
386,"Crystal Dynamics, Nixxes Software"
387,Avanquest Software
388,Bigbig Studios
389,EA Salt Lake
390,Longtail Studios
391,Powerhead Games
392,"Epic Games, People Can Fly"
393,"Sega, Dimps Corporation"
394,Koei
395,Hyde
396,Project Aces
397,"Team Ninja, Tecmo"
398,Razorworks Studios
399,989 Sports
400,UBlart Montpellier
401,Free Radical Design
402,DreamFactory
403,Incinerator Games
404,Route 1 Games
405,Rockstar London
406,Ubisoft Toronto
407,Double Fine Productions
408,Turtle Rock Studios
409,Giants Software
410,"Vicarious Visions, Neversoft Entertainment"
411,Blue Tongue Entertainment
412,Overworks
413,Monster Games Inc.
414,Atari
415,Coresoft
416,SuperBot Entertainment
417,Ubisoft Reflections
418,Monkey Bar Games
419,Alfa System
420,Buzz Monkey
421,Rockstar Vancouver
422,SCEA San Diego Studios
423,Neko Entertainment
424,"Square Enix, h.a.n.d. Inc."
425,UDS
426,KCE Studios
427,Titus Software
428,Black Ops Entertainment
429,ImaginEngine
430,Tantalus Interactive
431,"Mistwalker, Artoon"
432,Marvelous AQL
433,Xpec
434,Mistwalker
435,Blitz Games Studios
436,KCEK
437,Sony Bend
438,RED Entertainment
439,FASA Studio
440,Runecraft
441,Big Huge Games
442,"Media Molecule, United Front Games"
443,SCi
444,Cooking Mama Limited
445,Disney Interactive Studios
446,Red Fly Studio
447,Cygames
448,Rage Software
449,Toolbox Design
450,Team 17
451,"Dimps Corporation, Namco Bandai Games"
452,Land Ho!
453,Asobo Studio
454,Eutechnyx
455,"Gearbox Software, 3D Realms"
456,Digital Anvil
457,"Treyarch, Sledgehammer Games"
458,Marvelous Entertainment
459,EA Seattle
460,Big Blue Bubble Inc.
461,Indie Built
462,Ludia Inc.
463,Evolution Games
464,Atlus Co.
465,"Capcom, Pipeworks Software, Inc."
466,Gevo Entertainment
467,Gorilla Systems
468,Guerilla Cambridge
469,Marvelous
470,Gorilla Games
471,Deibus Studios
472,"Square Enix, Tri-Ace"
473,Novarama
474,"Sumo Digital, Playground Games"
475,Trilobyte
476,Silicon Knights
477,Digital Illusions
478,"Kush Games, Visual Concepts"
479,iNiS
480,"EA Canada, Nihilistic"
481,Eden Studios
482,David A. Palmer Productions
483,"Artificial Mind and Movement, Polygon Magic"
484,Acclaim Studios Austin
485,"Tetris Online, Inc"
486,Dancing Dots
487,Piranha Games
488,"LucasArts, Red Fly Studio"
489,Game Republic
490,Project Soul
491,Kouyousha
492,Propaganda Games
493,JGI Entertainment
494,Digital Extremes
495,Brownie Brown
496,Natsume
497,Arc System Works
498,Takara
499,"CyberConnect2, Racjin"
500,Dearsoft
501,Paradox Development
502,2K Australia
503,Realism Ltd
504,Bandai
505,Human Soft
506,Jester Interactive
507,Equinoxe
508,Pacific Coast Power & Light
509,"Koei, Omega Force"
510,"id Software, Nerve Software"
511,"Eighting, Genius Sonority Inc."
512,Reality Pump
513,Virtucraft
514,Illusion Softworks
515,"SCEA, Sims"
516,Kalypso
517,Midway Studios - Los Angeles
518,Ubisoft Milan
519,Fuse Games Limited
520,Pyramid
521,Hypnos Entertainment
522,Black Isle Studios
523,Gaijin Entertainment
524,Eden
525,Blue Fang Games
526,Sanzaru Games
527,Tomy Corporation
528,Secret Level
529,Nerve Software
530,Trion Worlds
531,"BioWare, Demiurge Studios"
532,Engine Software
533,"RED Entertainment, Artdink"
534,Cunning Developments
535,Starbreeze
536,Delphine Software International
537,Gameloft
538,Grasshopper Manufacture
539,"Shift, Bandai Namco Games"
540,"Dimps Corporation, SCE Japan Studio"
541,"Krome Studios, Screenlife Games"
542,Suzak
543,Iron Galaxy Studios
544,GenePool
545,Ubisoft Casablanca
546,Epicenter Studios
547,KCEA
548,Adrenium
549,Juice Games
550,"id Software, Raven Software"
551,SEGA Racing Studio
552,Clover Studio
553,SuperVillain Studios
554,"EA Sports, EA Canada"
555,MagicWand
556,"Media Vision, Contrail"
557,Paon Corporation
558,Lab Rats Games
559,Vicious Cycle
560,Cinegroupe
561,High Impact Games
562,Skyworks Technologies
563,Robomodo
564,"Ascaron Entertainment GmbH, Ascaron Entertainment"
565,2K Sports
566,FUN Labs
567,Appaloosa Interactive
568,Vanillaware
569,Endemol
570,Dreamworks Games
571,Atomic Planet Entertainment
572,Coldwood Interactive
573,"Valuewave Co.,Ltd."
574,Pam Development
575,Ubisoft Romania
576,Spicy Horse
577,Overkill Software
578,Midway Studios - Austin
579,Bunkasha Publishing
580,Nippon Ichi Software
581,Neverland
582,Silicon Studio
583,"Namco Bandai Games, Bandai Namco Games"
584,Vanilla Ware
585,Full-Fat
586,Etranges Libellules
587,Relic
588,Collision Studios
589,Anchor
590,Racjin
591,Magenta Software
592,Awesome Studios
593,Behaviour Interactive
594,Pipe Dream Interactive
595,Bullets
596,Aspect
597,Deep Space
598,Inti
599,Bam Entertainment
600,THQ Digital Studio Phoenix
601,Brain Toys
602,Hothouse Creations
603,Nuevo Retro Games
604,Digital Kids
605,Yager
606,"Omega Force, Koei Tecmo Games"
607,4A Games
608,Cing
609,WXP
610,Cerasus Media
611,Inevitable Entertainment
612,Destineer
613,Eighting
614,SCEA Sports Studio
615,Keen Games
616,Storm City Games
617,ValuSoft
618,"High Voltage Software, Ubisoft Paris"
619,GRIN
620,Q-Games
621,Raster
622,Vivarium
623,VU Games
624,"Machatin, Inc."
625,Point of View
626,"City Interactive, Deck 13"
627,T&E Soft
628,"Climax Group, Climax Studios"
629,HexaDrive
630,"Jupiter Corporation, Jupiter Multimedia"
631,Blade Interactive
632,"Factor 5, SCE/WWS"
633,"SCE Japan Studio, comcept"
634,WBIE
635,Warthog
636,AWE Games
637,Contraband Entertainment
638,Eugen Systems
639,Quest
640,Kuusou Kagaku
641,HandMade Game
642,7 Studios
643,Blue Tongue
644,SCS Software
645,Humongous Entertainment
646,Pocketeers
647,"Harmonix Music Systems, Backbone Entertainment"
648,"Scholastic, Inc."
649,"Screenlife Games, WXP"
650,Totally Games
651,Ratbag
652,SCEJ
653,Razorworks
654,New
655,Beyond Games
656,Teyon
657,"Ubisoft Barcelona, Ubisoft Reflections"
658,"Eurocom Entertainment Software, Visceral Games"
659,"Nintendo, Headstrong Games"
660,Shin'en
661,Creations
662,Crave
663,Vatra
664,Treasure
665,"Human Soft, Ivolgamus"
666,Eighting/Raizing
667,505 Games
668,Studio Gigante
669,Wideload Games Inc.
670,"Farsight Studios, Crave"
671,Computer Artworks
672,Saffire
673,"Nintendo, Camelot Software Planning"
674,"Team 17, Two Tribes"
675,"Square Enix, TOSE"
676,Kuju Entertainment
677,Humagade
678,Q Entertainment
679,Tri-Crescendo
680,Tenyo
681,"LucasArts, Krome Studios"
682,"Idea Factory, Compile Heart"
683,Kamui
684,"Ubisoft, Sensory Sweep"
685,War Drum Studios
686,TOYBOX
687,Sunrise Interactive
688,Hijinx Studios
689,Game Machine Studios
690,Mastiff
691,Gust
692,"Ritual Entertainment, Avalanche Software"
693,D3Publisher
694,Psygnosis
695,Armature Studio
696,RedLynx
697,Creat Studios
698,Phoenix Games Studio
699,"Nintendo, Intelligent Systems"
700,Telegames
701,Bluehole Studio
702,Spike Chunsoft
703,"Red Storm Entertainment, Ubisoft Montreal"
704,Saber Interactive
705,Idol Minds
706,Maximum Games
707,Knowledge Adventure Inc.
708,"Harmonix Music Systems, Demiurge Studios"
709,Shift
710,Torus Games
711,Triumph Studios
712,DONTNOD Entertainment
713,Twisted Pixel Games
714,Zoo Games
715,Zen Studios
716,Victor Interactive Software
717,"Frogwares, Mistic Software"
718,Firebrand Games
719,Prope
720,Wow Entertainment
721,"Monolith Soft, Banpresto"
722,Sega Studios San Francisco
723,Ganbarion
724,Milestone S.r.l
725,Red Tribe
726,Red Zone Entertainment
727,Amuze
728,Uacari
729,Bugbear
730,Cyberlore Studios
731,Lightning Fish Games
732,Crafts & Meister
733,Open Sesame
734,3DO
735,Blueside
736,Arcade Moon
737,Noise Inc.
738,2K Games
739,Psyonix
740,Playbox Limited
741,Takara Tomy
742,KCEO
743,Zombie Studios
744,"Bandai Namco Games, Artdink"
745,Pax Softonica
746,Zener Works
747,"RED Entertainment, Spike Chunsoft"
748,Cattle Call
749,Inland Productions
750,Take-Two Interactive
751,CokeM Interactive
752,ITL
753,Sandlot
754,Hypnotix
755,Vir2L Studios
756,Airtight Games
757,Deep Silver Dambuster Studios
758,WildTangent
759,Destination Software
760,Brash Entertainment
761,Haemimont
762,"High Voltage Software, Backbone Entertainment"
763,Nadeo
764,Impulse Games
765,Sennari Interactive
766,Gas Powered Games
767,Tantatus
768,Starfish
769,Buena Vista Interactive
770,Cohort Studios
771,"Ubisoft, Powerhead Games"
772,"EA Canada, EA Vancouver"
773,Inti Creates
774,Fizz Factor
775,Ion Storm
776,SNK Playmore
777,Smart Bomb Interactive
778,"Amaze Entertainment, Griptonite Games"
779,SunSoft
780,"Lancarse, Atlus"
781,"Capcom, Klein Computer Entertainment"
782,"Terminal Reality, 4mm Games"
783,AI
784,Eidos Interactive
785,Smack Down Productions
786,Nobilis
787,Polygon Magic
788,"Buzz Monkey, EA Montreal"
789,"Atlus, Dingo Inc."
790,Opus
791,Venom Games
792,"Game Republic, JapanStudio"
793,CodeFire
794,Phantagram
795,"Mercury Steam, Alchemic Productions"
796,SScholastic Media
797,Access Games
798,"Image Epoch, Imageepoch"
799,Human Head Studios
800,Big Red Button Entertainment
801,Blue Byte
802,Wildfire Studios
803,MumboJumbo
804,Sidhe Interactive
805,"Inti, Inti Creates"
806,Magix
807,Mucky Foot Productions
808,Denyu-Sha
809,Ronin Entertainment
810,Disney Interactive
811,Artdink
812,Shade
813,Prolific
814,SCE Studio Cambridge
815,Sinister Games
816,"Banpresto, SoftMax"
817,Mahou
818,Graphic State
819,Wizarbox
820,Hyperspace Cowgirls
821,Related Designs
822,The Workshop
823,"Neversoft Entertainment, Underground Development"
824,Simon & Schuster
825,Banpresto
826,DoubleTap Games
827,Mistic Software
828,IR Gurus
829,LightBox Interactive
830,Akella
831,Game Brains
832,Circus Freak
833,Infinite Interactive
834,Wargaming.net
835,Game Titan
836,Sacnoth
837,Cave
838,Sanuk Games
839,Just Add Monsters
840,Sims
841,Volatile Games
842,Media Vision
843,Ignition Entertainment
844,Zindagi Games
845,Zoom
846,Sensory Sweep
847,Telltale Games
848,Sega Toys
849,Presto Studios
850,Ornith
851,"Zoe Mode, HB Studios Multimedia"
852,"Activision, FreeStyleGames"
853,Attention To Detail
854,Crawfish Interactive
855,"Rockstar Toronto, Rockstar Leeds"
856,HotGen
857,Amble
858,Gusto Games
859,"GameMill Publishing, 1st Playable Productions"
860,The Learning Company
861,"Mac Play, MacPlay"
862,Ubisoft Vancouver
863,Majesco Games
864,TimeGate Studios
865,Pacific Century Cyber Works
866,"LDW, Big Fish Games"
867,"Rocksteady Studios, Virtuos"
868,Smilebit
869,Blue Shift
870,"Rovio Mobile, Rovio Entertainment"
871,Metro
872,iWin
873,"Treyarch, Shaba Games"
874,Prokion
875,2K Shanghai
876,Artech Studios
877,Crispy's
878,Left Field Productions
879,Mitchell
880,Activision Value
881,"Cyanide, Cyanide Studios"
882,AQ Interactive
883,Starfish SD
884,FuRyu
885,Sony Interactive Entertainment
886,InXile Entertainment
887,2015
888,Tornado Studios
889,Stainless Games
890,ZootFly
891,Empire Interactive
892,Southend Interactive
893,Amaze
894,Y's K
895,Data Design Interactive
896,Bec
897,"Io Interactive, Nixxes Software"
898,Handheld Games
899,"Tamsoft, D3Publisher"
900,Falcom
901,Metro Graphics
902,Lucky Chicken
903,"Matrix Software, Marvelous Entertainment"
904,Nautilus
905,Hasbro Interactive
906,Frogwares
907,Oxygen Interactive
908,Revolution Software
909,Larian Studios
910,Blueshift
911,Compile Heart
912,SolWorks
913,Magic Pixel Games
914,Gratuitous Games
915,Sanrio Digital
916,Griffin International
917,K2
918,"Hudson, NATSUME ATARI Inc."
919,Jet Black Games
920,Bits Studios
921,Piranha Bytes
922,Alphadream Corporation
923,Tecmo Koei Games
924,Phoenix Interactive Entertainment
925,"Tecmo, Ntreev Soft"
926,Monumental Games
927,Climax Entertainment
928,"Aspect, Takara Tomy"
929,Secret Stash Games
930,GungHo
931,Beyond Reality
932,Fall Line Studio
933,SoftMax
934,Bit Town
935,Phoenix Entertainment
936,Career Soft
937,Ubisoft Sao Paulo
938,Stealth Studios
939,Mobius Entertainment
940,Pseudo Interactive
941,Rhino Studios
942,Ivory Tower
943,Backbone Vancouver
944,Irem
945,Kodiak Interactive
946,Digital Fiction
947,MASA Group
948,Classic Media Distribution Limited
949,Swordfish Studios
950,ThatGameCompany
951,Creative Patterns
952,Osiris Studios
953,"Deep Silver, Sproing Interactive Media, Sproing"
954,Gunnar Games
955,2XL Games
956,Super X Studios
957,"Jellyvision, Iron Galaxy Studios"
958,Bongfish
959,Cranky Pants Games
960,Sun-Tec
961,Alpha Unit
962,Gimagin Games
963,"Sanzaru Games, Sanzaru Games, Inc."
964,CCP
965,Hitmaker
966,"SCEA, Think and Feel"
967,"MicroProse, n-Space"
968,Studio Saizensen
969,Ubisoft Annecy
970,Pyro Studios
971,WideScreen Games
972,Gaming Minds Studios
973,"Omega Force, Koei Canada"
974,Aspyr
975,Cauldron Ltd.
976,"Sega, Tom Create"
977,Mad Catz
978,Examu
979,Merscom LLC
980,Vivendi Games
981,RFX Interactive
982,FeelPlus
983,Spiders
984,GCP1
985,Nordcurrent
986,Zono Inc.
987,Software Creations
988,Pixel Tales
989,Magic Rings
990,"Artificial Mind and Movement, EA Redwood Shores"
991,Santa Cruz Games
992,Seta Corporation
993,BottleRocket Entertainment
994,Skip Ltd.
995,SME Dynamic Systems Limited
996,Game Sauce
997,Cinemaware
998,Games Farm
999,"Ubisoft, Ludia Inc."
1000,Tecmo Koei Canada
1001,Spellbound
1002,Buena Vista Games
1003,Independent Arts
1004,Panic Button
1005,Jack of All Games
1006,Escape
1007,Mad Doc Software
1008,Kronos Digital Entertainment
1009,Coyote Developments
1010,5pb
1011,NaturalMotion
1012,Hydravision
1013,Marvelous Inc.
1014,Big Ant Studios
1015,Performance Designed Products
1016,Backbone Emeryville
1017,"Gust, Idea Factory"
1018,Lost Toys
1019,UFO Interactive
1020,OneNine Studios
1021,Gogii Games
1022,"Eighting, Takara Tomy"
1023,Bitmap Brothers
1024,Koei Tecmo Games
1025,"Replay Studios, ML Enterprises"
1026,"Namco Bandai Games, Cellius"
1027,Magellan Interactive
1028,SimBin
1029,Swingin' Ape
1030,Funcom
1031,Konami Computer Entertainment Nagoya
1032,Joindots
1033,Asylum Entertainment
1034,Jaleco Entertainment
1035,Deep Silver
1036,EKO Software
1037,"Playlogic, The Game Factory"
1038,Experience Inc.
1039,Human Entertainment
1040,Kemco
1041,Kylotonn
1042,Stalker Entertainment
1043,Renegade Kid
1044,Eiconic Games
1045,DMi Games
1046,"Blitz Games, Human Soft"
1047,Game Life
1048,Cyanide
1049,"Buddiez, Inc."
1050,Lucas Learning
1051,"Amaze Entertainment, Walt Disney Japan"
1052,"Sega, French-Bread"
1053,FireFly Studios
1054,"Asmik Ace Entertainment, Inc"
1055,WinkySoft
1056,"Gearbox Software, WayForward"
1057,Ludia
1058,Darkworks
1059,Hudson Entertainment
1060,Namco Bandai Games America
1061,"Omiya Soft, Jamsworks"
1062,10tacle Studios
1063,"Disney Interactive Studios, Land Ho!"
1064,Lexis Numerique
1065,"Atari, Transmission Games, Atari SA"
1066,System 3
1067,eGames
1068,"Sony Online Entertainment, Mind Control Software"
1069,Carbine Studios
1070,Tenky
1071,N-Fusion Interactive Entertainment Corp.
1072,Taniko
1073,"Compile Heart, GCREST"
1074,Broadsword Interactive
1075,"Game Arts, Seta Corporation"
1076,Aqua Plus
1077,Croteam
1078,Zombie
1079,Le Cortex
1080,The Game Factory
1081,THQ Australia
1082,Ubisoft Nagoya
1083,Hypnos
1084,Interchannel
1085,Daedalic Entertainment
1086,"Genki, Kojima Productions"
1087,Warner Bros. Interactive Entertainment
1088,Her Interactive
1089,Nordic Games Publishing
1090,"THQ, Altron"
1091,Netherock Ltd.
1092,Felistella
1093,"Armature Studio, comcept"
1094,Ubisoft Bulgaria
1095,Re-Logic
1096,Two Tribes
1097,Sick Puppies
1098,Firehazard Studio
1099,Nicalis
1100,Tommo
1101,Zerodiv
1102,Liquid Entertainment
1103,Sting
1104,Mix Max
1105,"Sandlot Games, Digital Embryo"
1106,Microvision
1107,Million
1108,Ntreev Soft
1109,Dorasu
1110,Epics
1111,Westwood Studios
1112,FrontLine Studios
1113,Studio 33
1114,Bohemia Interactive
1115,Colossal Order
1116,Flight-Plan
1117,Yacht Club Games
1118,Seven45 Studios
1119,TopWare Interactive
1120,The Fun Pimps Entertainment LLC
1121,Astroll
1122,Next Entertainment
1123,Legacy Interactive
1124,Transmission Games
1125,"K2, Kurogane"
1126,Gaijin Games
1127,Culture Brain
1128,"Beenox, Other Ocean Interactive"
1129,Tripwire Interactive
1130,JV Games Inc.
1131,Top Heavy Studios
1132,Dreamcatcher
1133,DSI Games
1134,"Ubisoft, Moss"
1135,"Atari, Atari SA"
1136,"Pam Development, 2K Sports"
1137,"Microids, Dreamcatcher"
1138,Virtual Air Guitar Company
1139,"Big Blue Bubble Inc., Scholastic, Inc."
1140,"Venan Entertainment, Cashmere Prod."
1141,Sunflowers Interactive
1142,"Rocksteady Studios, Iron Galaxy Studios"
1143,Deck 13
1144,IR Gurus Interactive Ltd.
1145,"Phosphor Games Studio, LLC"
1146,Slam Games
1147,Outrage Games
1148,Platinum Egg
1149,Attention Software
1150,Premium Agency
1151,Syscom
1152,GlyphX Games
1153,ACOT
1154,Axis Entertainment
1155,Hot Lava Games
1156,Nfusion
1157,eV Interactive
1158,Kokolo Corporation
1159,Curly Monsters
1160,Curious Pictures
1161,Psikyo
1162,Tiertex Design Studios
1163,Graffiti Entertainment
1164,Deep Fried Entertainment
1165,Warashi
1166,Beep Industries
1167,I-Imagine
1168,Stormregion
1169,"Mindscape Inc., Mindscape"
1170,Kung Fu Factory
1171,"Game Arts, Japan Art Media (JAM)"
1172,Midway Studios - Newcastle
1173,Infogrames
1174,BIP Games
1175,EM Studios
1176,Acclaim Studios Manchester
1177,"Prope, Kadokawa"
1178,Cosmigo
1179,Zeroscale
1180,Moss
1181,369 Interactive
1182,puzzle.tv
1183,Visual Sciences
1184,Animation Arts
1185,Razorback Developments
1186,"Nippon Ichi Software, Hit Maker"
1187,Tactical Development
1188,"Artificial Studios, Immersion Software & Graphics"
1189,Empire Oxford
1190,Most Wanted Entertainment
1191,"Funatics Software, Funatics"
1192,Microsoft Game Studios Japan
1193,SNK
1194,Black Hole Games
1195,Frima Studio
1196,Agatsuma Entertainment
1197,"EA Tiburon, n-Space"
1198,Halfbrick Studios
1199,WorkJam
1200,Void Productions
1201,Trickstar Games
1202,Santa Entertainment
1203,Digital Embryo
1204,Micro Cabin
1205,Big Head Games Ltd.
1206,Guildford Studio
1207,Big Blue Entertainment
1208,"Amaze Entertainment, Vivendi Games"
1209,Supersonic Software
1210,Bionic Games
1211,Various
1212,Amanita Design
1213,"Aqua Pacific, In2Games"
1214,BeeWorks
1215,Mere Mortals
1216,Coyote Console
1217,Happy Happening
1218,Zed Two Limited
1219,Pentavision Entertainment
1220,XPEC Entertainment Inc.
1221,Behavior Studios
1222,Immersion Software & Graphics
1223,Gameinvest
1224,Vanguard
1225,Koolhaus Games
1226,Idea Factory
1227,KING Art
1228,"Deep Silver, Keen Games"
1229,Microids
1230,Koei/Inis
1231,"Seamless Entertainment, Inc."
1232,Petroglyph
1233,"Joindots, Mastertronic"
1234,Arts Software
1235,Raylight Studios
1236,"Monolith Soft, Namco Bandai Games"
1237,Digital Mayhem
1238,Pronto Games
1239,"RED Entertainment, Compile Heart"
1240,Global A
1241,Clockwork Games
1242,The Behemoth
1243,Hoplite Research
1244,Ivolgamus
1245,Doki Denki
1246,"THQ, AWE Games"
1247,Starsphere Interactive
1248,Other Ocean Interactive
1249,Kadokawa
1250,Milestone
1251,Loose Cannon Studios
1252,B.B.Studio
1253,Scientifically Proven
1254,8Monkey Labs
1255,"Crave, DTP Entertainment"
1256,odenis studio
1257,Realmforge Studios
1258,Freedom Factory Studios
1259,Atomic Motion
1260,Sarbakan Inc.
1261,Black Ship Games
1262,Gravity-I
1263,"Entersphere, Inc."
1264,Infinite Machine
1265,Deadline Games
1266,Silicon Dreams
1267,Aqua Pacific
1268,ProSoft
1269,Isopod Labs
1270,"Activision, Activision Blizzard"
1271,"SCE/WWS, SCE Japan Studio"
1272,"Mastertronic, V5 Play Studio"
1273,"Spark Unlimited, comcept"
1274,"Ambrella, The Pokemon Company"
1275,"Neverland, Idea Factory"
1276,Hit Maker
1277,"Red Tribe, Brash Entertainment"
1278,Metro3D
1279,Blue Omega
1280,Zushi Games Ltd
1281,2K Play
1282,Housemarque
1283,"EA Canada, Exient Entertainment"
1284,"Activision, Traveller's Tales"
1285,O-Games
1286,"Jack of All Games, eV Interactive"
1287,S-Neo
1288,G1M2
1289,"TimeGate Studios, Day 1 Studios"
1290,iRock Interactive
1291,Climax Studios
1292,Little Orbit
1293,Tabot
1294,Indi
1295,ECI
1296,SilverBirch Studios
1297,Valcon Games
1298,Gulti
1299,Tectonic Studios
1300,"EA Canada, Sensory Sweep"
1301,Wide Games
1302,Amedio
1303,NATSUME ATARI Inc.
1304,Digital Leisure Inc.
1305,Noise Factory
1306,Mobile 21
1307,Maximum Family Games
1308,Foundation 9 Entertainment
1309,B-Alive
1310,Icon Games
1311,Kando Games
1312,DTP Entertainment
1313,Telenet
1314,Osaka Studio
1315,Kheops Studio
1316,"Namco Bandai Games, Monkey Bar Games"
1317,UGA
1318,Toka
1319,Egosoft
1320,Mid Carolina Media
1321,Velez & Dubail
1322,"THQ, Independent Arts"
1323,Mekensleep
1324,"Milestone, Milestone S.r.l"
1325,Wicked Studios
1326,Revistronic
1327,MileStone Inc.
1328,Metropolis Software
1329,Anchor Bay Entertainment
1330,"Spike Chunsoft, Chime"
1331,Pinegrow
1332,Ubisoft Barcelona
1333,Roxor Games
1334,Success
1335,Fatshark AB
1336,Runic Games
1337,Neopica
1338,Trine Games
1339,SpiderMonk
1340,Koei Canada
1341,Paradox Development Studio
1342,Direct Action Games
1343,5000ft
1344,Awesome Play Ltd.
1345,"Art Co., Ltd."
1346,StudioBlack Games
1347,exozet
1348,Yoostar Entertainment Group
1349,Vogster
1350,Skonec
1351,ZeptoLab
1352,G-Artists
1353,Idol FX
1354,Goshow
1355,Leviathan Games
1356,Box Clever Interactive
1357,Attractive Games
1358,Sabertooth Games
1359,"Ubisoft, FunHouse"
1360,Enterbrain
1361,Universomo
1362,Global Star Software
1363,"Metanet Software Inc., SilverBirch Studios"
1364,Purple Hills
1365,Interactive Brains
1366,Doublesix
1367,Synetic
1368,Jupiter Multimedia
1369,Epicenter Interactive
1370,Interplay
1371,Monte Cristo Multimedia
1372,Plato
1373,Silver Wish Games
1374,Runtime
1375,Gammick Entertainment
1376,DiP Interactive
1377,Klein Computer Entertainment
1378,"IronNos Co.,Ltd."
1379,DreamRift
1380,Snapdragon
1381,Brainbox Games
1382,Kunos Simulazioni
1383,MBA International
1384,"505 Games, Sarbakan Inc."
1385,Nikitova Games
1386,Extra Mile Studios
1387,Nitro+
1388,"Humongous Entertainment, Mistic Software"
1389,Mystic Software
1390,Sonic Powered
1391,Whitebear
1392,EA Japan Studio
1393,Headfirst Productions
1394,Pendulo Studios
1395,Mikoishi
1396,Conspiracy Entertainment
1397,"10tacle Studios, Fusionsphere Systems"
1398,Arkedo Studio
1399,Farmind Ltd
1400,GSC Game World
1401,Midas Interactive Entertainment
1402,BattleBorne
1403,Valhalla Game Studios
1404,Quicksilver Software
1405,"Treyarch, Infinity Ward"
1406,"Orbital Media, Inc."
1407,"Left Field Productions, Zoo Games"
1408,Anino Entertainment
1409,SingleTrac
1410,"Rebellion, Neversoft Entertainment"
1411,"Dimps Corporation, Dream Execution"
1412,Design Factory
1413,Andamiro U.S.A. Corp.
1414,KnowWonder
1415,Zoonami Ltd.
1416,Aquria
1417,Cave Barn
1418,Radius9
1419,Zig Zag
1420,"Eutechnyx, Deep Silver"
1421,Iron Lore Entertainment
1422,Ninja Studio
1423,Slitherine
1424,Fluid Studios
1425,Codo Games
1426,Red Wagon Games
1427,CI Games
1428,Cowboy Rodeo
1429,Cranberry Production
1430,Playrix Entertainment
1431,LDW
1432,Imagineer
1433,Rising Star Games
1434,1C: Maddox Games
1435,Fresh 3D
1436,Studio Archcraft
1437,"THQ, 1C, 1C Company"
1438,Just For Fun
1439,"Eidos Interactive, Tantalus Interactive"
1440,Neon Studios
1441,Blast! Entertainment Ltd
1442,Navarre Corp
1443,"Buka Entertainment, Targem Games"
1444,Ubisoft Porto Alegre
1445,SmartDog
1446,Iridon Interactive AB
1447,"Next Level Games, Nintendo"
1448,"Taito Corporation, 505 Games"
1449,One Man Band
1450,Carapace
1451,Big John Games
1452,PuzzleKings
1453,Dusenberry Martin Racing
1454,Liquid Dragon Studios
1455,Tigon
1456,Stainless Steel Studios
1457,Braingame
1458,Frame Studios Interactive
1459,Max Five
1460,SouthPeak Games
1461,VSTEP
1462,Flying Tiger Development
1463,Konami Software Shanghai
1464,Bright Future GmbH
1465,Hyper-Devbox
1466,SkyRiver Studios
1467,Avit-Niigata
1468,KUNST-STOFF
1469,Killaware
1470,"Torus Games, Little Orbit"
1471,F84 Games
1472,InterActive Vision Games
1473,SystemSoft
1474,"Targem Games, TopWare Interactive"
1475,G.Rev
1476,Fusionsphere Systems
1477,Opera House
1478,Foreign Media
1479,"Examu, Marvelous Inc."
1480,Gaslamp Games
1481,"Capcom, QLOC"
1482,Ubisoft Osaka
1483,Paprikari
1484,Snap Dragon Games
1485,7Raven Studios
1486,Wicked Witch Software
1487,Ascaron Entertainment GmbH
1488,"Alawar Entertainment, Inc, Alawar Entertainment"
1489,Sabarasa Entertainment
1490,"Atari, Slightly Mad Studios, Atari SA"
1491,Nival Interactive
1492,PopTop Software
1493,Best Way
1494,M4 Limited
1495,Hoget
1496,Delta Factory
1497,Naps Team
1498,XS Games
1499,"Alchemist, Inti Creates"
1500,Avalon Style
1501,Blue 52
1502,Dovetail Games
1503,Nightlight Studios
1504,EnjoyUp Games
1505,Tilted Mill
1506,"Reloaded Productions, Reloaded Games Inc."
1507,NoWay Studio
1508,PQube
1509,System Prisma
1510,CiRCLE
1511,"Volition Inc., CD Projekt Red Studio, CD Projekt, CD Projekt Localisation Centre"
1512,"Frozenbyte, Inc."
1513,InLight Entertainment
1514,Urban Games
1515,2D Boy
1516,"Fusionsphere Systems, Animation Arts"
1517,Gaia (Sony)
1518,Ironclad Games
1519,People Can Fly
1520,Easy Interactive
1521,DreamCatcher Interactive
1522,Enlight Software
1523,Impressions Games
1524,Ravenscourt
1525,Ice-Pick Lodge
1526,BattleGoat Studios
1527,"Viva Media, Viva Media, LLC"
1528,"CyberPlanet Interactive Public Co., Ltd., Maximum Family Games"
1529,LSP
1530,Voxler
1531,Super Empire
1532,"Volition Inc., Reactor Zero"
1533,"Eidos Montreal, Nixxes Software"
1534,Sonnori
1535,Big Fish Games
1536,"1C, Ino-Co, 1C Company"
1537,Magnin & Associates
1538,"Edmund McMillen, Florian Himsl"
1539,Tiwak
1540,Zuxxez
1541,Opus Studio
1542,"Gameinvest, Seed Studios, Lda"
1543,"Introversion, Double Eleven"
1544,Big Time Software
1545,Otomate
1546,Mentor Interactive
1547,Magicpot
1548,Nitro Games
1549,Confounding Factor
1550,Will
1551,Eagle Dynamics
1552,Black Sea Studios
1553,Headup Games
1554,"Engine Software, Re-Logic"
1555,"PM Studios Inc., Pentavision Entertainment"
1556,zSlide
1557,Tragnarion Studios
1558,"Big Blue Bubble Inc., Breakthrough New Media"
1559,Prograph
1560,Celeris
1561,NEC Interchannel
1562,"Vicious Cycle, Little Orbit"
1563,Panther Software
1564,"Number None Inc., Knockout Games"
1565,Team6 Game Studios
1566,Targem Games
1567,Still Alive Studios
1568,Twelve Games
1569,"Machineworks Northwest, WXP"
1570,Headlock
1571,"Activision, Behaviour Interactive"
1572,Arrowhead Game Studios
1573,Mastertronic
1574,Sandlot Games
1575,EC Interactive Games
1576,"Frontier Developments, Various"
1577,Crea-Tech
1578,Glyphic Entertainment
1579,Cyber Planet
1580,ZigZagIsland
1581,Paradox Interactive
1582,"Neon Studios, Kaiko"
1583,Gameness Art Software
1584,Dracue
1585,Mindware Studios
1586,EA Mythic
1587,"Atomic Planet Entertainment, Mud Duck Productions"
1588,Minds-Eye Productions
1589,SEK Ost
1590,Autumn Moon
1591,The Tangentlemen
1592,Multimedia Intelligence Transfer
1593,Rainbow S.p.A.
1594,Cryptic Studios
1595,"Edge Entertainment, Anima Project"
1596,FAKT Software
1597,"1C, 1C Company"
1598,Boxed Dream
1599,Lead Pursuit
1600,"Punchline, Shirogumi"
1601,"The Digital Lounge, Dino Dini"
1602,Beluga Computer
1603,Kat Games
1604,Strawdog Studios
1605,InterServ International
1606,Trendy Entertainment
1607,"United Coders, Wizardry Engineering"
1608,Melesta
1609,Alternative Software
1610,"Mediascape, CUBETYPE"
1611,JoWooD Entertainment AG
1612,Master Creating
1613,Small Rockets
1614,Mana Comp. Soft.
1615,Phenomedia
1616,Touchdown Entertainment
1617,Turbine Inc.
1618,Playstos Entertainment
1619,Enigma Software Productions
1620,Nvizzio Creations
1621,"Unigine Corp, Russia"
1622,Flagship Studios
1623,ApolloSoft
1624,Ancient
1625,Zoo Digital Publishing
1626,"UFO Interactive, CyberPlanet Interactive Public Co., Ltd."
1627,Infogrames Sheffield
1628,1C:Ino-Co
1629,"Headup Games, Crenetic Studios"
1630,Tose Software
1631,Pterodon
1632,Strangelite
1633,Deep Red
1634,PAWS
1635,White Birds Productions
1636,Agetec
1637,Farsight Technologies
1638,Tranji
1639,Planet Interactive
1640,"Vicious Cycle, Infinite Interactive"
1641,"Telegames, Inc."
1642,"Sanuk Software Co., Ltd., Sanuk Games"
1643,GameCo
1644,Oberon Media
1645,Virtual Play Inc.
1646,"Yuke's, Yuke's Company of America"
1647,Funbox Media
1648,Babylon Software
1649,Metia Interactive
1650,Flying Lab Software
1651,Vanpool
1652,Squashy Software
1653,Hokus Pokus
1654,oeFun
1655,Tate Interactive
1656,ChaYoWo Games
1657,Boomzap
1658,Logris Games
1659,Ino-Co
1660,Red 5 Software
1661,"CyberPlanet Interactive Public Co., Ltd."
1662,Elixir Studios
1663,The Odd Gentlemen
1664,Compulsion Games
1665,"Camouflaj, LLC"
1666,777 Studios
1667,Subterranean Games
1668,"Interworks Unlimited, Inc."
1669,Black Bean Games
1670,"DMA Design, Rockstar North"
1671,King of the Jungle
1672,"Spidersoft, Spiders"
1673,"1C, Various, 1C Company"
1674,"Tecmo, Graphic Research"
1675,TML-Studios
1676,"Battlefront.com, 1C, 1C Company"
1677,Blue Tea Games
1678,EA Phenomic
1679,Empty Clip Studios
1680,Next Wave Team
1681,Triple Eh? Ltd
1682,TDK Mediactive
1683,Headgate
1684,dtp Young Entertainment AG
1685,Coffee Stain Studios
1686,Societe Pollene
1687,Boston Animation
1688,React Games
1689,"Bigben Interactive, Red Wagon Games"
1690,Papyrus
1691,Inferno Games
1692,Katauri Interactive
1693,"High Moon Studios, Mercenary Technologies"
1694,"Infinite Dreams, Paragon 5"
1695,Big Red Software
1696,Atomic Games
1697,Interchannel-Holon
